{ "GameEntityList": [ { "UnitName": "NPC1", "Position": [ 8.71, 0, 17.45 ], "Rotation": [ 0, 0.48, 0, 0.88 ], "Player": 1 }, { "UnitName": "NPC1", "Position": [ 9.6, 0, 18.11 ], "Rotation": [ 0, 1, 0, -0.09 ], "Player": 1 }, { "UnitName": "Point_Marker", "Position": [ 14.04, 0, 19.36 ], "Rotation": [ 0, 0, 0, 1 ], "Player": 1 }, { "UnitName": "Prop_Barracks", "Position": [ 21.88, 0, 23.86 ], "Rotation": [ 0, 0, 0, 1 ], "Player": 1 }, { "UnitName": "Footman", "Position": [ 23.36, 0, 23.55 ], "Rotation": [ 0, 1, 0, 0.02 ], "Player": 1 }, { "UnitName": "Footman", "Position": [ 24.5, 0, 22.31 ], "Rotation": [ 0, 0.33, 0, 0.94 ], "Player": 1 }, { "UnitName": "Prop_TownHall", "Position": [ 7.27, 0, 17.68 ], "Rotation": [ 0, -0.39, 0, 0.92 ], "Player": 1 }, { "UnitName": "StandardChest", "Position": [ 16.08, 0, 17.67 ], "Rotation": [ 0, 0, 0, 1 ], "Player": 1 } ] }