{
    "triggers": {
        "OnStart": {
            "event": {
                "eventName": "TriggerAddTimerEventElapsed"
            },
            "parameters": [
                {
                    "value": {
                        "literal": {
                            "type": 1,
                            "stringValue": "1"
                        }
                    }
                },
                {
                    "value": {
                        "literal": {
                            "type": 3,
                            "stringValue": "true"
                        }
                    }
                }
            ]
        }
    }
}