{ "GameEntityList": [ { "UnitName": "Point_Marker", "Position": [ 13.13, 0, 23.28 ], "Rotation": [ 0, 0, 0, 1 ], "Player": 1 }, { "UnitName": "Point_Marker", "Position": [ 13.2, 0, 24.51 ], "Rotation": [ 0, 0, 0, 1 ], "Player": 1 }, { "UnitName": "Point_Marker", "Position": [ 9.64, 0, 23.28 ], "Rotation": [ 0, 0, 0, 1 ], "Player": 1 }, { "UnitName": "Point_Marker", "Position": [ 12.01, 0, 24.52 ], "Rotation": [ 0, 0, 0, 1 ], "Player": 1 }, { "UnitName": "Point_Marker", "Position": [ 11.91, 0, 23.28 ], "Rotation": [ 0, 0, 0, 1 ], "Player": 1 }, { "UnitName": "Point_Marker", "Position": [ 7.88, 0, 22.07 ], "Rotation": [ 0, 0, 0, 1 ], "Player": 1 }, { "UnitName": "Point_Marker", "Position": [ 15.59, 0, 21.99 ], "Rotation": [ 0, 0, 0, 1 ], "Player": 1 }, { "UnitName": "Point_Marker", "Position": [ 17.01, 0, 22.01 ], "Rotation": [ 0, 0, 0, 1 ], "Player": 1 }, { "UnitName": "Point_Marker", "Position": [ 11.98, 0, 26.5 ], "Rotation": [ 0, 0, 0, 1 ], "Player": 1 }, { "UnitName": "Point_Marker", "Position": [ 5.94, 0, 22.04 ], "Rotation": [ 0, 0, 0, 1 ], "Player": 1 }, { "UnitName": "Point_Marker", "Position": [ 14.31, 0, 23.24 ], "Rotation": [ 0, 0, 0, 1 ], "Player": 1 }, { "UnitName": "Point_Marker", "Position": [ 10.75, 0, 23.24 ], "Rotation": [ 0, 0, 0, 1 ], "Player": 1 }, { "UnitName": "Point_Marker", "Position": [ 11.56, 0, 25.59 ], "Rotation": [ 0, 0, 0, 1 ], "Player": 1 }, { "UnitName": "Point_Marker", "Position": [ 10.86, 0, 24.55 ], "Rotation": [ 0, 0, 0, 1 ], "Player": 1 }, { "UnitName": "Point_Marker", "Position": [ 12.67, 0, 25.57 ], "Rotation": [ 0, 0, 0, 1 ], "Player": 1 }, { "UnitName": "Item Caster Dummy", "Position": [ 12.26, 0, 12.35 ], "Rotation": [ 0, 0, 0, 1 ], "Player": 1 }, { "UnitName": "Point_Marker", "Position": [ 8.5, 0, 23.28 ], "Rotation": [ 0, 0, 0, 1 ], "Player": 1 }, { "UnitName": "Point_Marker", "Position": [ 15.58, 0, 23.26 ], "Rotation": [ 0, 0, 0, 1 ], "Player": 1 }, { "UnitName": "Point_Marker", "Position": [ 11.8, 0, 22.15 ], "Rotation": [ 0, 0, 0, 1 ], "Player": 1 }, { "UnitName": "Point_Marker", "Position": [ 14.2, 0, 22.14 ], "Rotation": [ 0, 0, 0, 1 ], "Player": 1 }, { "UnitName": "Point_Marker", "Position": [ 9.12, 0, 22.11 ], "Rotation": [ 0, 0, 0, 1 ], "Player": 1 }, { "UnitName": "Point_Marker", "Position": [ 10.6, 0, 22.16 ], "Rotation": [ 0, 0, 0, 1 ], "Player": 1 }, { "UnitName": "Point_Marker", "Position": [ 13.04, 0, 22.13 ], "Rotation": [ 0, 0, 0, 1 ], "Player": 1 }, { "UnitName": "Point_Marker Alpha", "Position": [ 13.07, 0, 19.95 ], "Rotation": [ 0, 0, 0, 1 ], "Player": 1 }, { "UnitName": "Point_Marker Alpha", "Position": [ 12.03, 0, 19.95 ], "Rotation": [ 0, 0, 0, 1 ], "Player": 1 }, { "UnitName": "Point_Marker Alpha", "Position": [ 10.99, 0, 19.95 ], "Rotation": [ 0, 0, 0, 1 ], "Player": 1 }, { "UnitName": "Point_Marker Alpha", "Position": [ 14.11, 0, 19.95 ], "Rotation": [ 0, 0, 0, 1 ], "Player": 1 }, { "UnitName": "Point_Marker Alpha", "Position": [ 9.95, 0, 19.95 ], "Rotation": [ 0, 0, 0, 1 ], "Player": 1 }, { "UnitName": "Point_Marker Alpha", "Position": [ 8.91, 0, 19.95 ], "Rotation": [ 0, 0, 0, 1 ], "Player": 1 }, { "UnitName": "Point_Marker Alpha", "Position": [ 15.15, 0, 19.95 ], "Rotation": [ 0, 0, 0, 1 ], "Player": 1 }, { "UnitName": "Point_Marker Alpha", "Position": [ 13.66, 0, 21.2 ], "Rotation": [ 0, 0, 0, 1 ], "Player": 1 }, { "UnitName": "Point_Marker Alpha", "Position": [ 14.75, 0, 21.2 ], "Rotation": [ 0, 0, 0, 1 ], "Player": 1 }, { "UnitName": "Point_Marker Alpha", "Position": [ 12.57, 0, 21.2 ], "Rotation": [ 0, 0, 0, 1 ], "Player": 1 }, { "UnitName": "Point_Marker Alpha", "Position": [ 11.48, 0, 21.2 ], "Rotation": [ 0, 0, 0, 1 ], "Player": 1 }, { "UnitName": "Point_Marker Alpha", "Position": [ 10.39, 0, 21.2 ], "Rotation": [ 0, 0, 0, 1 ], "Player": 1 }, { "UnitName": "Point_Marker Alpha", "Position": [ 9.3, 0, 21.2 ], "Rotation": [ 0, 0, 0, 1 ], "Player": 1 }, { "UnitName": "Point_Marker Alpha", "Position": [ 8.21, 0, 21.2 ], "Rotation": [ 0, 0, 0, 1 ], "Player": 1 }, { "UnitName": "Point_Marker Alpha", "Position": [ 15.84, 0, 21.2 ], "Rotation": [ 0, 0, 0, 1 ], "Player": 1 } ] }